,trstlgl,trstplc,trstplt,trstprl,trstprt,lrscale,netustm,essround
trstlgl,1.0,0.6631033681360547,0.6158935451645238,0.6834469877721692,0.2977658838333735,0.03733389343247464,0.043743320874170204,
trstplc,0.6631033681360547,1.0,0.48687345150990485,0.5155959229181566,0.2287867250799392,0.08050060303757613,0.011881549879825445,
trstplt,0.6158935451645238,0.48687345150990485,1.0,0.7554613565504742,0.4347195683587509,0.06271925897190604,0.01330166862364355,
trstprl,0.6834469877721692,0.5155959229181566,0.7554613565504742,1.0,0.36210006822943125,0.05429090060229233,0.0467700941485397,
trstprt,0.2977658838333735,0.2287867250799392,0.4347195683587509,0.36210006822943125,1.0,0.026254590372527968,0.020546398263254422,
lrscale,0.03733389343247464,0.08050060303757613,0.06271925897190604,0.05429090060229233,0.026254590372527968,1.0,-0.01713889647022535,
netustm,0.043743320874170204,0.011881549879825445,0.01330166862364355,0.0467700941485397,0.020546398263254422,-0.01713889647022535,1.0,
essround,,,,,,,,
